uuid,entity,state
b09b61df-5c2e-442f-a6e8-0c8cb600642f,test_output.svg,active
ec538078-5d8a-4331-a2ba-639e98f6ae8b,my_custom_name.svg,active
7532cf0d-c168-414c-a119-cf3190d76001,document_001.svg,active
cab516f7-4865-4b34-ac05-f1967a8879fa,test_with_hyphens.svg,active
585bd9d8-d1de-422c-a255-c8b1865ca0b2,585bd9d8_d1de_422c_a255_c8b1865ca0b2.svg,active
ff8c50e4-f66a-4d77-88e6-df67b7195f6f,ff8c50e4_f66a_4d77_88e6_df67b7195f6f.svg,active
61991cb0-dd94-4a59-83ff-ee04050a19fb,61991cb0_dd94_4a59_83ff_ee04050a19fb.svg,active
d29b7b1e-e14f-417a-946a-e610d832d032,test_run_2.svg,active
52146ca9-ca93-4f9a-a607-9a8d13d1f0fe,music_theory_workbook_input_signed.pdf_page_2,active
9a25bc18-6527-49b0-ac7a-44393215269e,music_theory_workbook_input_signed.pdf_page_3,active
8dc43701-a283-4817-9a7a-0cc2d12462ee,music_theory_workbook_input_signed.pdf_page_4,active
6199225e-f48c-4702-b5be-5138d49d4579,document_001.svg,active
174d1f57-6637-4fc1-97cc-3a11535da64e,,
49113aba-1c5e-497a-805d-709772f304c0,,
696f246d-8be8-4185-a142-8cd49336c785,,
bb26b401-8cea-44dc-9bee-53c28a08746e,,
33ef6ae6-ccca-4902-97b3-7ca9951f47f5,,
ef5ec017-7ba6-41b0-afd0-a13ae463b858,,
7824460c-b0bd-400a-ab7e-8c93db0151c7,,
7c9bbdc5-6f44-4ba2-aacc-a26e1bb329a9,,
13467659-4ecd-41af-8b9a-6cd9e8bc4001,,
68247be4-66b8-47d7-bba5-55b6d5429227,,
5bcff1eb-245c-47a2-b5f8-1dcc46800767,,
c2fbbee8-fb67-4fa6-96b7-80e31858f15c,,
f02dfa47-0b2d-422c-87a9-02bb2e5464d8,,
76a608c5-962c-4792-bc80-f4db8e3ead95,,
2a28f5b5-2823-47e7-89dc-b223b5103819,,
3bb61950-9467-4e95-996f-bd772a3bce18,,
05f1e275-0182-4b72-b4f9-d68fc32c0f58,,
b9f4693d-387e-44e8-9179-e5c3fe61c86b,,
f9977585-1a37-475a-bf42-7a3de47c41b1,,
f1b33b19-3b5b-41c3-a79d-6dbb52a10d1e,,
046745e0-5b4a-404f-bf30-c36f3513c9b3,,
314d98e8-b38a-48a6-b374-efdda032475d,,
96dfebf6-dcd7-4524-9cf9-bd06d5ebc7e8,,
9daa4440-6e6f-4b9a-aa03-53d9a691ce63,,
6c16bf55-5d44-4ccf-ba70-ba94bc62cb13,,
814ae5bd-faa3-4569-b8f4-e4751338ba6b,,
6d244f15-16de-4f45-8491-522885619e38,,
dd1e4744-967c-4127-b339-ba93d55f5b4c,,
4aa64df1-a4ef-4178-99a8-343d9afa4416,,
6baf6acf-3b64-4617-ab47-9e9d2a7c3700,,
02150e19-a100-49fb-8095-625a774da475,,
84a83358-8b64-4a73-b208-6cd0e39bd7e4,,
a9a966c9-7588-4a18-a25c-c0ea1316bc1a,,
e9b84d7e-fe20-491d-bc9d-de519e8ea5bd,,
fb67e1ca-ff17-4307-b6fe-9fb61a66da36,,
ac1f2c96-34a6-472d-b563-f05aa066d558,,
01116559-0c8c-4014-b374-ccec02910b3b,,
78c0a96a-92d8-4fb9-9cc2-ede94cd69030,,
397d2e9a-4d58-474d-81e2-6ba105a65e33,,
1f49134f-d8c5-4985-88ef-98344b48b9e7,,
64005f1e-88a7-46b9-b0fe-cc635cb4ac6c,,
69b80299-cfba-414d-85a1-e85955dd870b,,
2a94930c-3b1c-4569-8668-8a4122c807b6,,
7fdb0cf2-540c-4493-a9d7-fdb2fe43bd5a,,
5deaed64-8f63-484f-ae29-60778742852c,,
6eb0215c-41d7-456d-aec9-35707c668aa9,,
1cdf2a12-a592-4fc0-b701-b66b186adf58,,
a528415c-987b-4738-8027-3c67f994bcf1,,
f799c14b-a62a-4de8-bd1d-63fd25285b2f,,
bfcd4bac-ca88-47eb-8123-d75876dec17f,,
180d7746-cb5c-4bad-8cad-822ba62c6cf7,,
8fade96f-7936-448a-93ea-eeee6a0eef8b,,
091fb531-6b92-4b6d-a73e-dc0fc02db3be,,
87392029-2696-4ba6-bb7f-2d42fe164df0,,
6313397c-2867-44df-9a4c-9bcac275d53a,,
fa306b42-96cc-4d32-a654-600359eae476,,
c4a57edc-7db1-4129-90b2-45f6f6ab1c4b,,
a56330fa-224a-4f28-9f30-863fafe44ccb,,
d1841ba3-71b1-48eb-aecc-b297189acd87,,
4da68c29-dd18-41c7-9ae9-dce21a2c8b90,,
7ff3cbb8-2afc-4e02-bac8-f699b00feaa8,,
6121bb6b-e796-444d-b0af-0ded4036153d,,
9188f8c0-d13a-4628-81d2-aadc4c460b85,,
2ae12a20-5f1d-4e5a-b27c-a5f0fe9afc6c,,
d00da6f1-d883-4466-83f5-3e280a39c339,,
63beaaaf-06a1-4260-9431-30465377d1ce,,
446e0939-ad5c-4aeb-866b-40d693200563,,
7998329c-6176-40dd-8b75-f0f88909f713,,
729a4bcc-a703-416d-b001-666dbcd334c9,,
3e69a551-c1c2-4b39-a4ac-cd409bc6d35e,,
12509f6d-7147-415d-8911-c4ac3aed2b33,,
2abf2cc7-58d5-4e64-a7df-a8b2a70d9dc1,,
e026ea24-7a3f-49d2-9e2e-5b4bae3d9d2d,,
b32905fd-3260-4dff-ba89-beb1da7ea89a,,
f4c935d2-bb6c-4d1b-abd7-ccd4839578f4,,
b2a6a8e4-b9ea-4e62-947f-408e95df1736,,
092ae7a4-2209-4e52-896c-7d743f92ecdd,,
bf48a3c7-9235-49f7-bc77-e81871dd4a45,,
e300325a-814d-4de3-8e2b-a1473f34598f,,
4d900313-5fcb-46e0-ab6a-173dfaa9f00f,,
56cc8e78-0dae-4908-99b8-8da540edc8d1,,
ff55228f-e080-4bda-b0b7-1bc67028b1ee,,
13d58154-f7fd-40e7-a100-2e73078d5e43,,
757e4845-1ffd-41e9-80f7-13cf4c6e6215,,
add69db9-b7a0-4349-a5c3-8e7eedb71fc4,,
7cc41e7e-226f-4fec-99b6-41cb533ee7cf,,
2bfb098b-472b-47cb-b763-150ac966b4f8,,
1640382b-2fc8-420a-b972-7708f46f01f1,,
23602c63-7274-48e1-aab6-89b1ba800144,,
3afa933a-db27-4862-a3a7-1b1bdffa386f,,
d39b67a3-02c5-4310-99e4-6dd19f8c4a65,,
f00ffbbd-9d38-450f-970b-5a5b84bb737e,,
f3d0f452-b3ad-4b70-9e7c-6bcc6afbd446,,
b4ceacf0-38ad-4b32-81fe-c3981c278832,,
0513b762-bf0a-404b-9108-6f50e5f8c345,,
cd9a2154-9c14-4a41-a02c-bed4d65afbf1,,
64fb5f5c-e49f-4860-842c-7a9bdd20a1a4,,
36b28521-cc2d-4b84-b31b-6196fea3e349,,
890a2969-4f8c-41fa-821e-48650992d985,,
65f3b773-2a0f-42a9-8985-e1b52710cb76,,
2362975b-41f7-4da9-9c5f-a6dab5920451,,
10a01029-6aca-44e9-96b9-820d1e6191c9,,
23e2ea26-aa96-42bf-bbb1-aa84fecfbc51,,
8a5cd9ab-d1ef-407f-a33f-ab4113f98e5e,,
57adda2c-9ca6-411c-a181-9a89aec2f5cb,,
46a39d0f-d51e-475d-b509-f17b109f8ec7,,
aa7ec4a9-a860-4d0c-848a-dcdd7a49fa85,,
081823fe-b38a-407b-857f-b3fe6de41e07,,
224ee585-a4ef-442b-adb9-f406d0376f27,,
29f1f0b0-b965-43fc-9336-08ab13a68c10,,
50125d06-5c3b-4840-bc03-9bcd29413a2d,,
c40c3493-e47f-4db9-af61-d57b61916835,,
b178b9c5-48eb-4304-ad9e-dbebb134e8c7,,
24c7da25-fda5-4471-81e2-f6bbb6c2fabb,,
0e3009df-66fd-434e-9108-cd977d384c6d,,
a14a4c55-7e52-450b-ae6d-5127fb278c63,,
7352e562-88d6-411e-bc6b-9ab2beade0d7,,
55f38831-e376-46e3-9289-0f6e3cdd3a6e,,
cc1558ba-e994-407a-8bbd-b357436ba0af,,
4cf3f755-53d9-4895-8792-5b26ce47bf45,,
d9b88450-9ed2-40e6-8428-0b2d55b19015,,
c714f739-24d9-484b-932c-10073e0a9e75,,
da3dfc6b-b9cc-4ceb-83c8-08013704e0c7,,
356fd784-f46e-4c64-9f88-c38fc4cebea0,,
a3d26f15-633d-4be7-b6ed-e4f514c858b5,,
b6bd8782-aa4f-4b64-9f97-5bee4947ede1,,
84b05fbf-12cf-4584-8a5b-75e76fae7c32,,
ba436a31-4c0f-445e-b60c-7f1127f5c1d2,,
46ad62eb-f045-46e3-b710-d1b692771008,,
65f4719d-fa5c-430d-a19d-76a5f4a683af,,
cd2e954f-97b5-47dc-8436-abfcf1f7fd48,,
575fd162-a802-47f1-997c-ca09c6981371,,
113b5a1a-bd56-4af6-b184-b91bff8de60d,,
0623585e-ea59-4cb6-ad82-ce9f5853cbea,,
d2deaed0-d081-40fa-b0b6-3d2be6716634,,
d9949445-a593-4d88-bdf4-c359841d1869,,
f004d961-ee58-46cb-9d81-4a6d4ae65469,,
025ed665-61a3-49a5-a057-0203c08bfce7,,
568c7df3-fd95-4a43-85eb-ab39e0179a67,,
a4f50473-084c-4e0d-b232-6d140ed586d0,,
d99f05c5-bc35-4442-894d-12acdc5df4f1,,
77d58a19-12a6-4160-a82b-4e591b8f21d7,,
802f2b8a-3e51-4953-9552-5498bc7e8b7e,,
c3f0e4ee-d1e8-4b5e-90ba-c3ade08dd908,,
0b616c53-2dbd-4599-a839-30c79864d4f8,,
41c660c4-deed-4555-8ab7-516828293168,,
81bf2ab7-234f-47ca-885c-a2422d7e105e,,
42bd969f-453f-482a-9673-89e09104bbe8,,
783ba50c-afbc-47e9-b07a-21becc766eaf,,
fe79cca5-ecb1-4ec6-a612-fee593ff1373,,
fa5976f4-cffd-458d-aa1c-48008c8502aa,,
fe5a46ab-12e1-44e5-9bca-d7d1287127e3,,
88d3143f-80cc-4bd9-b202-0d4827cbb0f0,,
572ad015-668d-4db0-ac55-7b2092843910,,
28df205f-15fc-470f-8643-c00370199455,,
f679a005-97ee-449d-9a30-22fa4078c248,,
004be496-8290-4176-9145-3b6f68cd0e0b,,
c07302fb-8980-438d-afcf-b9af1ce19de3,,
193f5acf-940f-4f3a-82f6-53cae8a28609,,
a3813995-b3e3-44ac-a9e4-cbcccc449e62,,
8f892654-ef4f-42ad-b34d-05acaf445864,,
3e0fc9cd-59b8-4bde-b47c-9783ddb23a7a,,
1751109b-fe58-42bd-bd11-408cfbde7fef,,
7d4fbbba-c964-49b1-96d1-3eca2a0a59c2,,
f24fac53-9399-4c53-a07d-0d9083d3932a,,
fcaee853-856c-4ccb-8c44-8ab3d4c5324a,,
46f49b8b-9a60-41c8-9567-0fb83dd6a403,,
10ddb0eb-8a1f-46d9-9631-8271bcc6c065,,
a1a74386-5e78-4725-a793-f118e51d8a2c,,
36817ffc-76b1-48ef-9c87-f5bb4300562a,,
9848e57e-794f-4e57-b5b7-10a97619b5ba,,
ef2fc2d9-7e90-4beb-be6a-9f80b6c1ae6b,,
a70b96a7-fbea-494c-9234-6415b545b580,,
c593bbf8-0dce-48a1-b056-eb4f2a7347bd,,
deca203d-4fc6-40ed-a449-bd407e01041b,,
d0f2e3a3-7219-4149-86b6-ec338a0396c8,,
f613c845-1e0f-44da-8abd-d4ad1d6e1d24,,
3ff77697-10ef-4b42-a4bc-b6e03defaf9a,,
86464e59-df2b-4330-b488-d22b90b33b6b,,
9a69af53-74ea-49e1-8ece-61f28f5460bc,,
77c98002-101b-463a-8702-d3d82faf9f1c,,
bf5b3aa4-f17f-4dc8-8458-e083b1c2a750,,
2d1726d0-dff2-4cb5-a6d4-4be71fa6cb68,,
4ff1c031-0986-4ae8-896f-e6e254987a10,,
4cca366c-0961-42fc-96f3-7aeac64c643f,,
d2f45463-aea3-4fbc-8a41-be500a450888,,
2718dc4c-cc26-4106-a41c-01e3a8737eac,,
4ca95d72-c9d2-4554-a396-1112986c54df,,
2dbed8ea-3259-41dc-b84a-d216b52ab5bd,,
99aad57c-c2a8-4622-b272-2a7ff4ddceed,,
a18014b3-156d-4ed5-9398-b5bb6dabdc83,,
80401813-1c60-4a18-a1e9-95a1795dccdd,,
eb65f3d2-1515-4f9f-bd2d-3e82a4c07207,,
28536a66-744c-426f-a078-1073a74226b0,,
848e5ba2-5786-40d9-b868-1ccf356c9108,,
4c322a36-29b3-4ef7-b351-fe9f80c954b5,,
c615d36f-2d96-472a-a2ff-15648a500624,,
5b4a8668-c341-4475-88bf-43f379f1554d,,
bd467039-10be-4ecc-a08d-6bf71cae9dfd,,
a2c12a15-8327-4466-8f8f-ef93d946c620,,
6b982575-2fb0-4ff5-b5c4-af22c44aaa21,,
89f2317b-1851-42bb-8de4-4d86f7ce8da3,,
8faee667-0098-4607-bee6-f95787c59a8c,,
590ca417-0b31-4e5e-b714-7e5207bdbb49,,
db10481b-7f03-443f-ba9a-1d6d39e8c30e,,
0bdfb7ec-c4da-4f39-9e94-0505acd4c87b,,
a4b6f473-27aa-4be3-95eb-efd056a8ffa7,,
7e1c9fce-c947-49a8-943a-768168c75369,,
8da0a874-9257-4dc6-ad87-318788148452,,
c261c9c9-9bf8-47c9-8929-5838da4db1d2,,
ff4198b9-b38e-47a9-835a-82a005d3a490,,
c3aae05f-656b-4516-bfd7-81d87b037779,,
4419473b-1075-432f-9ae2-e62c32f76444,,
d63e433e-fa97-4d33-bee9-54e1fe9d4508,,
6153b94d-4224-45fe-9b61-7409ab149789,,
0c107209-faea-4af8-86b5-6a8d6ccc1d1e,,
a6316ee7-5cba-4984-8493-9bb83d4ac066,,
fb3bbe87-1a21-4257-b56c-edb9e6cc60b2,,
5622665c-be1e-40db-9367-e676030e78d5,,
36f7dd74-763c-4f11-b361-5bc2775b5f7f,,
dbed3274-10ab-4cc7-b898-2c32c0b15a5f,,
3ca0ecb2-acdc-443e-9c36-b8c802e5fd01,,
1335489e-5163-4083-9618-40432caa8034,,
3d5238b6-86f0-4090-ad72-be02aa026238,,
e99610ff-c4cb-45f7-ab0b-ccb2ca415f2c,,
717a6c51-58d8-4906-a1a0-e145982d9001,,
78e74bb7-5514-4f2f-849c-d0098f7046da,,
15c8f9e7-7ba0-4102-a20d-414ceb8001a4,,
c9c0f4bb-b57a-41bf-8954-0ec101cc625f,,
80ea8913-bff6-4d39-a139-c75d23614d62,,
a5023f46-ae29-401d-a74c-461f6a7cc68c,,
15e0865f-4707-472c-adb8-a4b2e98aee4e,,
c7200c86-d1d6-426d-b63a-cef0190fda42,,
f2a499b6-247d-4bb5-a2e7-fd8a43ef1e6f,,
b7bfd34e-3f31-447c-acb4-3926cb8078f4,,
02ee4421-6ac1-412d-bb2a-87555ed50ac1,,
8b07df7d-c3a8-463c-8d6b-923be8b9794d,,
36b75b03-2873-445a-bf62-07917dedc8a5,,
affcad11-7136-43b5-83f9-29e65aab73c8,,
126fb59b-bb5d-4a28-a290-b69df5847773,,
f05e4f20-a01a-4744-b2b8-af379732285a,,
a748a949-cf35-4060-a53f-bdcdf459c776,,
fb6ee95c-ccf2-4b98-8aaa-fbe372147035,,
9a391df4-92e8-47c5-8387-20d9d3d1db5c,,
870b0bf9-d7f3-44e5-a781-76800103fb8c,,
3a5fca9a-35c4-40e8-95a2-1aaf6e8a5891,,
053d5020-ac2f-40e8-8c04-512c78342669,,
f858db43-3545-407d-9a77-0ec8d69dcde4,,
e2dc786a-b7a9-4673-952b-2cdbc3e86f8a,,
b43d12f0-cf4a-4eca-a498-ca9377c9e643,,
d33b60f1-4c6c-459b-8bc0-b17165b03f6b,,
88f2c5e5-54af-413a-b1e7-2d79dedcbbf1,,
0282a331-6d07-4430-a343-11cd6ffad230,,
21a19228-f781-46b2-932d-daac198f5d3a,,
0afcdb81-4a42-4886-b279-e11670abca71,,
d4188f18-a977-4e34-93d9-2fdb220d458d,,
b69de587-b759-4d87-aaf1-80abbd5c7163,,
fbb80548-1adf-4038-8e45-6950da7d1b32,,
1e273998-b308-4422-80ef-01ed5f0fb540,,
3f96710e-6b4c-47f1-833a-653159fa2466,,
c73e8f74-f7ec-4297-b2be-da2b14dc4376,,
e79c47d0-83ee-460e-892d-304620128fe7,,
4f7c9e9f-fc85-415c-8304-26cdb3750b88,,
61e062a4-f3bc-4846-a20f-ec3190676ade,,
bf962ede-7da1-438f-92e4-5bda6d0a5f4b,,
6f06617a-f890-43db-834c-fe40cb6891f8,,
39bd026a-5ca8-43a9-9aa6-325c8893e203,,
ea0b2539-cfaf-4140-b945-45353ca911c3,,
82c8284c-9af5-4890-b729-914b34c76d44,,
64676bd0-0f61-4a82-bdc3-64ad1364f387,,
319135dc-e0ab-4ae1-8778-288bf03de83a,,
2fbf764a-294f-4651-9f7a-9a1ec5b979f1,,
38f65c23-2ff1-430d-bb20-27a819eecf17,,
43c0417f-d5bf-4002-a247-169cf2c04e46,,
a1fa1352-b3db-4cdb-98fe-b0bcca40588a,,
93b152ae-980f-49f1-9cf6-ee68f6309038,,
7441315f-ff12-4906-9844-a7d97ade9be8,,
ab0c68f7-4647-4e0e-8f39-89bd0a6dd2df,,
cab698e9-ca09-4713-945c-a2f178c55c28,,
64c544bf-dc52-4780-9eca-36375a864472,,
c92e8f1b-b9e0-4b02-b81f-89e05462fce5,,
e80fb722-e75b-4a8a-a2d6-750cbecdcd93,,
73710fca-1452-4713-b2fd-3ba2e2bf8a13,,
c05a1740-3026-479b-bb2f-a8a3c8013e70,,
169be326-b031-45f5-968e-837355c7e99f,,
2c264d41-8e2a-4197-a983-55f930473a29,,
847c8ea3-e2e4-4a7a-9418-fc2621bc3932,,
e95830bd-645d-491c-b653-846fbd9474ac,,
a41ae0aa-0352-41db-8031-121fd9f7f2d9,,
cb2b90af-8eb3-4648-af31-8321e83cdfa0,,
227b20a3-8465-425b-af4b-2ec67ad898cc,,
39489742-43f7-4e27-ae3f-7e3fef169c1d,,
aa5363a2-6df8-4b39-aea3-0dba37ae72a9,,
34779086-fad4-4e6a-915d-0e88a2864574,,
4a1fb52b-0716-4586-a62b-a3ec4d3ca1c7,,
cddbe664-07cb-4d28-84a1-7e9f010d3f1b,,
1734b310-44b6-410b-a0a1-041033c5f9a2,,
9c89b161-04fb-42c8-8e18-2d0bdd26b979,,
275a223e-d165-420d-a2a9-66468fa396cc,,
b29be4b1-d599-452c-94d2-e1b7f11cc53a,,
8bdc9be8-89d5-47b5-a14d-b291577cce43,,
c7c814ec-d585-4daa-adf1-7fcb279080c0,,
d5daab03-3093-4509-810e-68513f81a73a,,
a67d6489-1082-41ca-a0e9-8804217c928f,,
7c5237b5-6f84-4ec5-ad6f-d53d5fa8bd3a,,
fb9c1feb-b437-4158-b076-15b5ccd81e45,,
480c34a3-b388-4685-a642-728a08bf24f8,,
f5cea8e9-6007-484d-8023-0c199fb41c98,,
4f3d3710-7cde-45c4-be09-0c17ba2b0bf3,,
d9b89849-c8c8-489f-8921-2e15367fe300,,
6c347e97-cd63-4425-8127-1cf85684e80e,,
de06a012-4b80-42d2-b58a-7fbfad8b05d1,,
f2dafad3-c4db-4f8e-88d8-dfec51c4e69c,,
beb430b1-6d9a-4e9e-9a8f-05383bdca573,,
b289ac6b-0945-4ca0-b316-17cab52c55be,,
56dcda98-8456-4c37-b5be-5492ea0f2553,,
643c601a-fd8f-476b-8a3e-c415796fb3aa,,
6638bec2-e8a9-44ad-b716-fa336e7bbc8a,,
91aec7a8-06c4-49c9-8bb8-11c9ac74d8da,,
dd9d4ad4-61a5-468e-97d9-827d28417d3f,,
9ed9385c-f5b8-413b-bdd9-acc64b7f5cfe,,
080936b9-b21f-448f-b81a-67bd744b6964,,
f60ce1a7-7cfe-4799-98ab-a21a162675fa,,
7494ab5b-87fe-452e-9e8d-04f213cc513e,,
cac41fab-2312-4766-bf69-abd6788657d5,,
e991655d-e7ea-458b-a3d7-937d74ce0dbc,,
96f16555-a629-4f9f-afeb-dfa69cbf4faf,,
84d8fdef-49ed-4666-a85e-4a98ec899e74,,
cf72af90-41fa-4def-93c7-934fa3787cf8,,
3c56c527-1e7e-41a0-9dbb-6157eb9e3fc1,,
907033a8-a66f-4471-a25a-63db592da154,,
f3f76151-7b65-4598-b3f5-ccfbaaf51574,,
045f1528-f5c2-4bb6-8a12-5f3d53f8e875,,
d9603154-2b11-4a07-8908-e968a73adc67,,
d2490c64-80f8-4ef2-ae5c-1ea3680ef4bf,,
2eab1f7e-979a-4c3b-92bf-30a6e696cc07,,
370c76b4-141f-4b1d-b8b7-bdcaced4d1d5,,
c3690dd1-f4ab-459c-a594-e3de2b022e1c,,
347126a7-6166-44e0-b32f-25ce09c6252b,,
128b56ce-9a7c-4e2a-8eba-ba2d18cc2cfa,,
2eab5497-ec4b-44ff-a6ce-249305a99ca6,,
81ef89ec-908b-479a-bc0a-455a96808b1a,,
8bff71f4-ea71-4ee4-ac18-0242b021deb6,,
ec007215-3b37-4074-972c-b5cc75e4272b,,
7a6d9192-f948-40ba-93f0-5fccf054bf62,,
c98fb1e9-c53f-4cbc-8032-1be65928910f,,
78c70736-231b-423e-ba8c-cc4c863f1f77,,
fae62f1a-2800-4f6c-a511-8829e155e17c,,
3c3ec777-a2d8-4087-b908-0f2aae66cb0e,,
35085741-141b-4c97-a80e-eefc7241a8f7,,
de335c27-2efa-44f5-aff7-87abc911c833,,
c8e9ad89-88e9-4419-9a81-e1b72375e906,,
4c5156d3-5506-408f-9779-cb557f1950ba,,
fc18dd39-8168-4a69-85a6-6631f2146807,,
3899d4fb-abbd-4bea-842c-6f7847887e8e,,
beecc79f-01c4-41d7-8895-a8be8869393c,,
dbde20c5-7294-47ea-a169-b04de054fd08,,
f744a992-2dfc-4bea-a2e9-6c34b8b5ba8a,,
ffc71bac-3f62-4f59-84ff-3d5984608c36,,
7ff44494-9a7b-4bca-ba4a-1f3076442857,,
35fc6714-3759-440e-9686-b6df13ad9aeb,,
9ebb08a0-1916-427b-8111-8dca50d7d2df,,
3a91c271-764b-4912-b85a-01a62b7cbc4c,,
6774d262-33f8-436c-b4c1-a2fa0899c11c,,
a9f615c3-256a-4002-b51c-3c3754eee5aa,,
9b8c1544-15ab-4a0f-a4ec-621b23885da3,,
89d325ae-470b-478a-9b69-b8fbeeec20c9,,
53831d95-9786-4608-93da-2470b93feb9f,,
608dfe5b-4292-4389-8eb0-55db0ceb62be,,
5e65d317-450d-4590-a7b9-00943eaa6d4d,,
b1aedc7b-c2d3-4fd0-be4f-40ba331743f8,,
dc323f1d-aba2-4071-9be5-18e08c59f01d,,
7f05313a-4860-4a02-8555-3d6e1d9eb875,,
fe0d8b7d-2956-42a6-9ccd-8b6747c70846,,
a17be9a5-df2c-4d5d-9bae-f9f825fc2226,,
1ee7fe3f-1aa1-4949-96f7-f31d4eb79e37,,
2e32b903-9dc9-4fee-be1e-847cdc89e3ec,,
356170b1-0ee0-4107-85c9-03d2d84d7c64,,
5a168e3d-1db6-44f5-abd5-92579257e606,,
75a979f5-c8cb-430a-8afa-dace1ba6994e,,
eaacd72c-eae3-4e6d-a815-1760c24b5d1e,,
aeefab77-ce05-4529-ae4d-0efa79f1dfd2,,
9b8fe3e3-0bd1-451a-9cc3-156820594ecd,,
1804b63a-51f9-4c38-aada-8e521293e7a0,,
1b39b16c-feb2-4174-a846-89eda7af89f5,,
6ed76821-6167-49cd-a54e-8f7b70232c1c,,
35aa812e-e6b8-4701-9061-fd8bc6b02ce0,,
ae0f2369-3167-4ea2-a945-e19e03baa463,,
5c022cad-bef0-4234-8cf3-5a8439f05b30,,
694a64f9-9801-4b7a-820c-753742b3d7bf,,
71e29279-a20c-487d-913a-9e9802386d8e,,
92ca7e04-5552-4912-9e6b-a113a13af0e4,,
988aa2ba-2a16-4555-a473-55e53ab6dfca,,
5c4bfae4-6368-41bf-9fc7-6f7e7cb8a8b3,,
88363822-8a1b-444b-addb-d482afc4e917,,
9af2ede1-6086-47bf-b118-f2c777fa64c8,,
c35a465d-528c-4b03-a6b5-40d411e348c1,,
e0cea0ad-5381-4722-a3dc-e33c8eef56a8,,
46b574db-253a-4f3a-b77b-fdb5075b06b6,,
71e238de-eafe-4306-b077-51aa8e036647,,
d34581a7-1a80-4b24-a153-782a64c97b06,,
9f646de8-d392-48a7-919a-1b02e2d3ff2a,,
eb8c0b50-a980-45bd-af4d-97b08df7a6f5,,
65f4243f-5319-4e60-acc3-9447e7aad60f,,
927aa331-2299-467a-9af2-c340a8c2b5ba,,
4f2ec343-c610-46d5-9aab-12880099f0e4,,
f11fb8cf-6bec-41e4-8c05-ba94b98b3434,,
5f3e2b51-2ebf-41b6-8c6a-ed7a0e109b50,,
08665341-65e7-493c-85e9-69c7218ab4b2,,
928d0a63-74bc-4d2d-b7ee-d78e879d1b28,,
4d37df6d-940e-48b4-9a0c-2698e34319c1,,
d0d1bc93-c47e-4702-8f05-4473c99e8ce6,,
a43aad77-2089-4870-817b-5e81af3a9bfd,,
237c5844-18fb-4ca9-9e2e-48bf43e4bce8,,
d5dc6cb6-d881-43c1-85bd-2d8e09b4310b,,
1d4f5bdc-6e49-462f-a07e-a5ee6dd19cb6,,
c173808a-81c8-45bf-aaae-078c4678a7f5,,
d1949086-b63c-4b13-9085-3392fca2089e,,
f85374c3-d275-4c59-8981-16a5c7112162,,
672820e3-393f-4d4e-b505-478d1c49dc80,,
daae48f0-8ba7-4e0e-8d8c-90985b9f15fd,,
ee955e12-2159-4c72-810a-a6600ac312d0,,
1acbc915-ab6c-4e19-9b89-83f6c7e2a157,,
02068f8c-5b2d-43d9-94fd-aa0640be2846,,
7dea5d97-279c-4a3e-bb55-7fb8f2811eb3,,
f5b3a016-73da-49cb-818a-1d7cfc49287b,,
64422fc2-bceb-40fe-a76c-db181ec521a9,,
8b6e39eb-872a-4b82-b76b-542a1db5b27b,,
f1b4c189-68ff-47df-a548-d25efef7ebc2,,
2929d367-41ec-4138-accd-3acdb03be57f,,
014debd2-33d4-4fdf-8ba4-65d5c42bba0d,,
ace2e8c3-1f77-47ed-911b-6d663a8fcd19,,
fb813a60-7f1b-4232-8985-26ac75089d46,,
ebc2c311-6531-466a-94a7-3302f3874f05,,
293e1c4e-598e-440e-a46b-c55f8206fcc1,,
79d96f68-3f64-47e8-ad91-eb430b0734af,,
0a69eda7-b1e0-4ab2-b70c-d50a33f851bc,,
cc6b5718-7e03-45dd-a271-3b06243f0030,,
f0844c41-ae6d-4dd5-9c18-614f0f56a83f,,
bd256210-ea76-4a04-ab5e-7d0d9c6328ce,,
2ed6b2c5-7b8e-4cd5-a44f-f9792447b388,,
36c14d93-ffc6-49e3-946c-01fbe1b66412,,
8ad4c070-9375-4808-83a1-4d610674400e,,
761ed5fe-6295-4594-bd55-b99f583c41ac,,
285f3d9f-3d5a-40e6-98fe-afc4d782c96d,,
5b43a909-2352-4128-be16-7936a84ba064,,
1b80d803-cbed-4b61-8d20-441aa84a713a,,
dad73cb5-448a-44c9-b766-7bdd259aa2cd,,
17c50e5e-e657-443a-8aea-66ea7afdec9b,,
8c3167b9-d846-4496-b00b-af51fc3aa591,,
30366cf8-38b7-48d2-9cc0-4156296a5a5c,,
52a9d2fc-c113-4fb3-a120-64628f94e1a2,,
4692aa17-ac74-4aa7-afe1-87907dfb2841,,
c3d369c4-40bc-4e24-af02-f5c584f7f03f,,
e51f9bad-4def-4038-b322-515ce8afc2f2,,
b812dfe6-ba6a-45f7-a0ec-f9006407275f,,
d5a61026-5bbb-420c-a93c-33b2f288ff52,,
8136912d-81c6-4cc1-83b5-0eda54692749,,
7c79a001-a707-41ef-9ff6-a3bf4caab1f2,,
a04b8ece-e3c2-46d8-a533-7bf8a6dcd25c,,
f6d58b0d-d21e-4cf7-88ad-8d6a13ec6b4f,,
bdedf14b-7d46-408d-9405-a486f481954b,,
800e0bce-f947-4810-9b87-d6c39ea72818,,
f9e57da4-12a0-43ac-9b8d-0a5e4de2aef8,,
d42f1bf4-3a48-4a67-9aae-8633e1ee7f1f,,
e62c9b5e-1a0a-42b8-9f87-6c81a2ff2327,,
9a02b679-2826-4108-ac59-4758d2dc6889,,
8c57fbc4-6368-4a65-b18a-b3304c406ef2,,
259d3d59-7bd9-472d-a4e4-c4450542cb2b,,
f37f3355-0ace-437a-b74a-00eb4a7c9866,,
1bcb9f22-a44a-4d85-af3e-48b88b158fff,,
a2b44c6c-312c-4ed6-bf2f-1b1337218436,,
b846d940-955f-46da-8081-30d5724fde5f,,
0e451fbe-c8a3-458f-8a7e-d65907898ee7,,
5e8d208f-4f9e-4684-8364-4674f50e5df6,,
53530396-3792-4838-af39-6d0668f039c6,,
d08c5385-13c9-40fb-8a6a-319c5130f840,,
408ae452-14f5-41f2-b46f-0f4431d0644d,,
3c89067d-d32d-4807-a667-51ab45182007,,
35e98f0b-5edd-4d38-bf83-db9247583b9f,,
bd9468cf-1432-44c8-80d9-e7b124ef3f1c,,
3d348a6a-0284-4331-a3cb-3d4d19f7d87d,,
e72416ad-7612-4536-a58c-ce0bd4a39605,,
8ee8120c-ce8e-4738-86a3-74c165b5a944,,
3646fba5-bf63-4449-b85c-54c7b2cc7c19,,
0c4c91db-f216-41fa-b676-b0734d6c95bf,,
3938bda6-5d2a-4a78-9d67-d803cac974e2,,
16de23cd-ea00-453f-a322-3bacaebcff4a,,
